{
    "name": "root",
    "gauges": {
        "RollerBall.Policy.Entropy.mean": {
            "value": 1.253509759902954,
            "min": 1.253509759902954,
            "max": 1.418938398361206,
            "count": 267
        },
        "RollerBall.Environment.EpisodeLength.mean": {
            "value": 7.264462809917355,
            "min": 7.032258064516129,
            "max": 37.11538461538461,
            "count": 267
        },
        "RollerBall.Policy.ExtrinsicValueEstimate.mean": {
            "value": 0.9589329957962036,
            "min": -0.14140266180038452,
            "max": 0.9628075361251831,
            "count": 267
        },
        "RollerBall.Environment.CumulativeReward.mean": {
            "value": 1.0,
            "min": 0.06451612903225806,
            "max": 1.0,
            "count": 267
        },
        "RollerBall.Policy.ExtrinsicReward.mean": {
            "value": 1.0,
            "min": 0.06451612903225806,
            "max": 1.0,
            "count": 267
        },
        "RollerBall.IsTraining.mean": {
            "value": 1.0,
            "min": 1.0,
            "max": 1.0,
            "count": 267
        },
        "RollerBall.Losses.ValueLoss.mean": {
            "value": 0.0001904845703393221,
            "min": 0.0001904845703393221,
            "max": 0.10799124091863632,
            "count": 22
        },
        "RollerBall.Losses.PolicyLoss.mean": {
            "value": 0.09655916690826416,
            "min": 0.09307126700878143,
            "max": 0.10832682251930237,
            "count": 22
        },
        "RollerBall.Policy.LearningRate.mean": {
            "value": 3.571908382582478e-05,
            "min": 3.571908382582478e-05,
            "max": 0.00028799305437132716,
            "count": 22
        },
        "RollerBall.Policy.Epsilon.mean": {
            "value": 0.11190634220838547,
            "min": 0.11190634220838547,
            "max": 0.1959976702928543,
            "count": 22
        },
        "RollerBall.Policy.Beta.mean": {
            "value": 0.0001278726995224133,
            "min": 0.0001278726995224133,
            "max": 0.0009603770449757576,
            "count": 22
        }
    },
    "metadata": {
        "timer_format_version": "0.1.0",
        "start_time_seconds": "1595751938",
        "python_version": "3.6.10 (default, Mar  5 2020, 10:17:47) [MSC v.1900 64 bit (AMD64)]",
        "command_line_arguments": "D:\\_Study\\Anaconda\\envs\\unity_py_3.6_siki\\Scripts\\mlagents-learn config.yaml",
        "mlagents_version": "0.18.0",
        "mlagents_envs_version": "0.18.0",
        "communication_protocol_version": "1.0.0",
        "tensorflow_version": "2.2.0",
        "end_time_seconds": "1595755016"
    },
    "total": 3077.9933935000004,
    "count": 1,
    "self": 0.005816500000037195,
    "children": {
        "run_training.setup": {
            "total": 0.0751012,
            "count": 1,
            "self": 0.0751012
        },
        "TrainerController.start_learning": {
            "total": 3077.9124758000003,
            "count": 1,
            "self": 118.23016409994443,
            "children": {
                "TrainerController._reset_env": {
                    "total": 67.81654069999999,
                    "count": 1,
                    "self": 67.81654069999999
                },
                "TrainerController.advance": {
                    "total": 2891.3961307000554,
                    "count": 284382,
                    "self": 4.665463900168561,
                    "children": {
                        "env_step": {
                            "total": 2886.730666799887,
                            "count": 284382,
                            "self": 2658.7345592997485,
                            "children": {
                                "SubprocessEnvManager._take_step": {
                                    "total": 223.13733570009458,
                                    "count": 284382,
                                    "self": 9.729298300102016,
                                    "children": {
                                        "NNPolicy.evaluate": {
                                            "total": 213.40803739999257,
                                            "count": 267154,
                                            "self": 213.40803739999257
                                        }
                                    }
                                },
                                "workers": {
                                    "total": 4.858771800043897,
                                    "count": 284381,
                                    "self": 0.0,
                                    "children": {
                                        "worker_root": {
                                            "total": 2999.65605279994,
                                            "count": 284381,
                                            "is_parallel": true,
                                            "self": 784.1877424998452,
                                            "children": {
                                                "steps_from_proto": {
                                                    "total": 0.00033390000000000004,
                                                    "count": 1,
                                                    "is_parallel": true,
                                                    "self": 9.420000000000001e-05,
                                                    "children": {
                                                        "_process_vector_observation": {
                                                            "total": 0.00023970000000000003,
                                                            "count": 2,
                                                            "is_parallel": true,
                                                            "self": 0.00023970000000000003
                                                        }
                                                    }
                                                },
                                                "UnityEnvironment.step": {
                                                    "total": 2215.467976400095,
                                                    "count": 284381,
                                                    "is_parallel": true,
                                                    "self": 28.296702099969025,
                                                    "children": {
                                                        "UnityEnvironment._generate_step_input": {
                                                            "total": 20.97630510006344,
                                                            "count": 284381,
                                                            "is_parallel": true,
                                                            "self": 20.97630510006344
                                                        },
                                                        "communicator.exchange": {
                                                            "total": 2100.792664800004,
                                                            "count": 284381,
                                                            "is_parallel": true,
                                                            "self": 2100.792664800004
                                                        },
                                                        "steps_from_proto": {
                                                            "total": 65.40230440005837,
                                                            "count": 284381,
                                                            "is_parallel": true,
                                                            "self": 29.44355849987913,
                                                            "children": {
                                                                "_process_vector_observation": {
                                                                    "total": 35.95874590017924,
                                                                    "count": 568762,
                                                                    "is_parallel": true,
                                                                    "self": 35.95874590017924
                                                                }
                                                            }
                                                        }
                                                    }
                                                }
                                            }
                                        }
                                    }
                                }
                            }
                        }
                    }
                },
                "trainer_threads": {
                    "total": 4.369999987829942e-05,
                    "count": 1,
                    "self": 4.369999987829942e-05,
                    "children": {
                        "thread_root": {
                            "total": 0.0,
                            "count": 0,
                            "is_parallel": true,
                            "self": 0.0,
                            "children": {
                                "trainer_advance": {
                                    "total": 2976.994830399883,
                                    "count": 1397253,
                                    "is_parallel": true,
                                    "self": 60.8474257999128,
                                    "children": {
                                        "process_trajectory": {
                                            "total": 2843.5520791999706,
                                            "count": 1397253,
                                            "is_parallel": true,
                                            "self": 2843.5520791999706
                                        },
                                        "_update_policy": {
                                            "total": 72.59532539999941,
                                            "count": 22,
                                            "is_parallel": true,
                                            "self": 27.28796449999595,
                                            "children": {
                                                "PPOOptimizer.update": {
                                                    "total": 45.30736090000346,
                                                    "count": 12345,
                                                    "is_parallel": true,
                                                    "self": 45.30736090000346
                                                }
                                            }
                                        }
                                    }
                                }
                            }
                        }
                    }
                },
                "TrainerController._save_model": {
                    "total": 0.4695966000003864,
                    "count": 1,
                    "self": 0.000419899999997142,
                    "children": {
                        "Trainer.save_model": {
                            "total": 0.46917670000038925,
                            "count": 1,
                            "self": 0.46917670000038925
                        }
                    }
                }
            }
        }
    }
}